<?xml version="1.0" encoding="UTF-8"?>
<project-private xmlns="http://www.netbeans.org/ns/project-private/1">
    <editor-bookmarks xmlns="http://www.netbeans.org/ns/editor-bookmarks/2" lastBookmarkId="0"/>
    <open-files xmlns="http://www.netbeans.org/ns/projectui-open-files/2">
        <group>
            <file>file:/C:/Users/user/Desktop/rubel/src/View/viewUser_Pengajar.java</file>
            <file>file:/C:/Users/user/Desktop/rubel/src/View/Register_Tentor.java</file>
            <file>file:/C:/Users/user/Desktop/rubel/src/View/Register_Mahasiswa.java</file>
            <file>file:/C:/Users/user/Desktop/rubel/src/View/viewAdmin_LogIn.java</file>
            <file>file:/C:/Users/user/Desktop/rubel/src/View/viewAdmin_EditKeahlianPengajar.java</file>
            <file>file:/C:/Users/user/Desktop/rubel/src/View/viewPengajarList.java</file>
            <file>file:/C:/Users/user/Desktop/rubel/src/View/viewAdmin.java</file>
            <file>file:/C:/Users/user/Desktop/rubel/src/View/viewUser_Pelajar.java</file>
            <file>file:/C:/Users/user/Desktop/rubel/src/View/viewUser_DetailKelasJoin.java</file>
            <file>file:/C:/Users/user/Desktop/rubel/src/View/viewUser_LogIn.java</file>
            <file>file:/C:/Users/user/Desktop/rubel/src/View/viewTambah_Materi.java</file>
        </group>
    </open-files>
</project-private>
